M1180	0.6364459	0.3512085 	45
M0145	1.004651e-07	-5.711075 	78
M0799	0.2114078	-0.8038869 	142
M1468	0.004717416	-2.62097 	203
M1677	0.8200617	0.9220197 	67
M0672	0.4724306	-0.06922616 	269
M0382	0.4536106	-0.1167664 	134
M0134	0.2625755	-0.636301 	256
M0528	0.002706675	-4.68416 	6
M0679	0.6063365	0.2708992 	66
M0995	0.4149564	-0.2156176 	71
M1055	0.07008745	-1.498474 	52
M1475	1.170594e-11	-7.692764 	86
M1426	0.1931603	-0.8906377 	17
M0252	0.3122792	-0.4963672 	23
M0479	0.3063072	-0.5226284 	11
M0288	0.3023882	-0.5189255 	120
M1014	0.243692	-0.6987176 	62
M1650	0.0001326656	-3.762562 	117
M0418	0.4496297	-0.1270572 	71
M0602	0.7699975	0.7550161 	19
M1594	0.3601832	-0.3586009 	161
M1203	0.01690771	-2.631975 	8
M0097	0.003756944	-2.713165 	139
M1515	0.007807293	-2.430718 	323
M0777	0.7490949	0.6736142 	125
M0305	0.2898741	-0.5652439 	17
M1202	0.004741306	-2.694009 	53
M0549	0.003309148	-3.510031 	10
M1046	5.099312e-05	-4.339105 	39
M1406	0.5756013	0.1907252 	685
M0613	0.2687608	-0.6178807 	163
M0779	0.06989162	-1.481633 	235
M1107	2.585955e-07	-5.195315 	194
M1457	0.1421325	-1.07142 	910
M1027	0.08643559	-1.496585 	9
M0636	0.4876044	-0.03159856 	16
M0394	0.04227721	-1.749689 	71
M0087	0.3447395	-0.4003304 	152
M1322	0.4724852	-0.07018901 	16
M0608	1.003833e-05	-4.323864 	347
M0927	0.3529003	-0.3791161 	68
M1229	0.00365486	-3.045465 	18
M0229	0.0002005283	-5.808941 	9
M0551	9.606509e-09	-5.826893 	228
M0855	0.9789568	2.482005 	8
M1608	0.8421198	1.005318 	240
M0833	4.371836e-08	-5.903756 	79
M0228	0.7596785	0.7064388 	227
M0440	0.009049038	-2.371013 	528
M0354	0.142603	-1.070738 	282
M0232	0.05105985	-1.749288 	15
M0360	0.1767855	-0.92916 	294
M0230	0.0003493253	-4.186003 	17
M0821	0.3858325	-0.2916065 	57
M0271	0.3484866	-0.3969802 	16
M0293	0.006767027	-2.57541 	44
M0238	0.4091087	-0.2300553 	280
M1506	0.04961692	-1.659598 	141
M0976	0.002011306	-3.986916 	9
M0490	0.001228358	-3.232941 	41
M1109	0.277499	-0.602186 	18
M1612	0.02804954	-1.92196 	192
M1414	0.3816566	-0.3021744 	80
M0461	0.6396974	0.3636462 	18
M0727	0.4620437	-0.09551779 	105
M1691	2.100837e-06	-4.798549 	135
M1136	0.4181152	-0.2145556 	8
M0206	0.01839093	-2.1108 	126
M0064	0.1192554	-1.18343 	151
M0982	0.8344155	0.9777779 	80
M1257	0.1483869	-1.067612 	24
M1278	0.2908446	-0.5616426 	18
M0457	0.08916086	-1.347805 	509
M1165	0.7058076	0.5444329 	55
M1463	0.8370106	0.9898426 	65
M1669	3.214308e-06	-6.158161 	20
M1325	0.6474836	0.397102 	7
M0102	0.0005672424	-3.309276 	177
M1173	0.5321744	0.08082453 	233
M0882	0.4543263	-0.1148998 	181
M1589	1.718996e-33	-16.46009 	127
M0300	0.1025183	-1.288869 	40
M0218	0.1865311	-0.977839 	6
M1292	7.916604e-05	-3.809208 	461
M1183	0.4268114	-0.1861505 	30
M0505	0.3691405	-0.334719 	159
M1158	0.7702821	0.7415685 	161
M0005	0.8808856	1.186895 	96
M0662	0.2471375	-0.685003 	171
M0630	2.268864e-06	-5.953303 	24
M0467	0.895801	1.262037 	202
M0030	0.6415957	0.3637064 	106
M0140	1.025931e-06	-5.222246 	65
M0460	0.05886316	-1.580042 	88
M1487	3.721027e-06	-9.152193 	10
M1070	0.001363339	-3.024918 	271
M0853	0.8247614	0.957223 	20
M0640	7.88711e-06	-24.76706 	5
M1444	0.06935207	-1.518513 	33
M1494	1.1487e-14	-8.618178 	128
M1592	0.2126058	-0.8005905 	104
M0708	0.3552201	-0.3737319 	44
M1174	4.299469e-11	-7.434344 	84
M0495	0.391896	-0.2754371 	71
M0531	8.264286e-05	-3.942112 	86
M0374	1	1	86
M0651	0.6304133	0.3341213 	80
M0787	0.07626929	-1.434068 	318
M0792	0.40971	-0.2285976 	197
M0038	0.6058119	0.2789069 	8
M0365	0.0003247214	-5.095094 	10
M0123	0.5940798	0.2389658 	70
M1137	0.7586393	0.7044592 	105
M0020	0.8066425	0.8727894 	54
M1586	5.130782e-07	-5.136409 	128
M0068	0.99752	3.059774 	28
M1428	0.02683226	-2.025063 	26
M0754	0.8264299	1.037285 	6
M0042	0.5532595	0.1341759 	125
M1219	0.00107406	-3.174643 	79
M0675	0.0006187703	-3.523682 	35
M0095	1	1	35
M0803	0.003034888	-3.877855 	8
M0972	0.283591	-0.578386 	32
M1120	0.9672221	1.847004 	366
M1441	0.6280776	0.3359585 	11
M0089	4.024751e-07	-5.1793 	134
M0572	0.03776408	-2.041241 	9
M1665	0.7531146	0.7132472 	10
M0579	2.20108e-07	-17.77397 	8
M1376	1.80079e-20	-13.44246 	64
M1364	0.8759472	1.159087 	165
M1300	0.9971395	2.98414 	30
M0717	0.01088794	-2.488179 	21
M1661	0.4155103	-0.217146 	16
M0920	0.4206502	-0.2006543 	124
M0250	0.2278462	-0.7473173 	215
M0589	0.002287103	-3.747226 	10
M1644	0.1619927	-1.001263 	34
M1082	0.01031085	-2.392326 	50
M0987	0.9178981	1.457948 	17
M1652	0.9666235	2.335497 	6
M1366	0.3249338	-0.4562359 	61
M0094	0.5536782	0.1374356 	15
M1330	2.267076e-05	-4.404366 	60
M0959	1.321801e-22	-10.43875 	340
M0703	0.0007289861	-4.743183 	9
M0825	0.9270351	1.670136 	7
M1549	0.3970606	-0.261615 	108
M0028	0.02935868	-1.911729 	103
M0040	0.3048673	-0.5206592 	17
M1124	0.1313819	-1.127539 	84
M1518	0.796353	0.8456255 	22
M0795	0.07540962	-1.442195 	200
M0135	0.000436498	-3.605383 	40
M0292	0.8653912	1.147327 	16
M0278	0.7039424	0.5554627 	10
M0330	0.002874949	-2.927089 	39
M1144	4.077901e-10	-6.592899 	141
M0115	0.4065267	-0.2396333 	21
M1250	2.15019e-08	-6.24329 	63
M0538	0.6653533	0.4414633 	10
M1151	0.2881635	-0.5906244 	7
M0842	0.1510415	-1.040785 	62
M1430	0.3202493	-0.4678494 	169
M0308	0.5088249	0.0221918 	81
M0520	4.437706e-06	-5.744379 	23
M0911	4.685685e-26	-13.01005 	139
M1220	2.866497e-25	-15.61294 	74
M1346	0.5042162	0.01058412 	171
M1554	2.311194e-10	-6.564016 	196
M1115	0.8070557	0.8839155 	24
M0277	7.060032e-06	-5.286392 	28
M1524	0.05851962	-1.573532 	220
M0590	0.01198338	-2.710783 	10
M0411	0.0001255885	-3.844644 	76
M0274	0.415871	-0.2136281 	49
M0109	0.1701942	-0.956994 	128
M0425	0.01737965	-2.441506 	11
M1543	0.7004045	0.5260316 	360
M0470	0.7752241	0.7950041 	9
M1256	0.8623542	1.127263 	18
M0713	0.573896	0.1893392 	17
M0482	0.1307286	-1.15257 	23
M1208	0.0292687	-1.917467 	86
M1267	0.005226529	-3.32557 	9
M0558	0.4561945	-0.1102262 	140
M0626	0.1213405	-1.181009 	56
M0309	0.5465952	0.1208244 	9
M0968	0.2285468	-0.7450521 	206
M1164	0.1575635	-1.011782 	71
M0222	0.02936057	-1.980764 	26
M0407	0.07695596	-1.542785 	11
M1546	0.3805591	-0.3048975 	95
M1006	0.6966355	0.5166246 	88
M1477	NaN	1	34
M0264	0.0003281215	-3.588722 	63
M1534	0.08167325	-1.410925 	62
M1385	0.09979849	-1.29549 	68
M1422	5.622126e-09	-6.282713 	92
M0055	0.0001527516	-5.670569 	10
M0594	0.9326869	1.553274 	23
M0552	0.06078284	-1.600519 	27
M0355	0.6322794	0.341847 	25
M1314	0.9919811	3.155085 	8
M1078	0.8221993	0.9468528 	20
M0212	0.07808712	-1.565171 	9
M0146	0.9564565	1.761838 	35
M0172	0.2478241	-0.6860881 	54
M1574	0.3389717	-0.4162872 	121
M0969	0.7180335	0.5967602 	11
M1163	0.3595828	-0.3744353 	8
M0545	0.2863756	-0.5700516 	32
M0275	6.479043e-07	-12.81705 	9
M1369	5.738585e-05	-5.82641 	12
M0188	0.7002162	0.5381486 	14
M0895	0.9898285	2.575102 	17
M0076	0.005203729	-3.224893 	10
M1623	0.0323709	-2.18934 	8
M0517	0.01448899	-2.201128 	184
M0845	0.05762653	-1.710176 	12
M0698	0.01245821	-2.687055 	10
M0137	0.5036407	0.009180532 	43
M0526	0.004888343	-3.18257 	11
M1628	1.240202e-07	-7.614127 	21
M0950	0.02348732	-2.132687 	19
M0873	0.005968896	-2.613375 	49
M0830	0.973137	1.978704 	48
M1442	0.9291562	1.630288 	9
M0125	0.0003856166	-5.654041 	8
M0128	0.1904043	-0.9029807 	16
M1668	0.1498544	-1.043662 	83
M1649	5.546895e-07	-4.998968 	242
M0025	0.03088807	-2.102892 	11
M1566	0.5988928	0.2572331 	11
M0352	0.2329098	-0.7497482 	15
M0809	4.00048e-05	-5.245703 	17
M1637	0.8055277	0.8677271 	62
M0852	0.708204	0.55481 	28
M0542	0.7613486	0.7382975 	11
M1198	0.5	0 	18
M0153	0.002766843	-3.624399 	10
M1275	0.9207466	1.512844 	12
M1523	0.9129943	1.387664 	36
M1429	0.03126149	-2.125045 	10
M1499	0.03181095	-1.891004 	59
M0454	0.1016942	-1.462784 	6
M0783	0.3526953	-0.381249 	35
M1166	6.326494e-09	-6.936613 	46
M0344	0.04222492	-2.065171 	7
M0935	0.002483938	-4.03442 	8
M0556	0.6724039	0.4550427 	17
M1287	1.136076e-06	-5.745253 	33
M0223	0.4763906	-0.05946274 	61
M0646	0.9164442	1.4078 	40
M1480	6.910734e-05	-4.25138 	38
M0800	0.2136199	-0.7969029 	110
M0756	0.3162787	-0.4806293 	60
M0199	3.062771e-06	-4.655732 	187
M0570	0.01556037	-2.971012 	6
M0427	0.04518584	-1.756324 	28
M0869	0.02977223	-2.050319 	15
M1131	0.4011004	-0.2601951 	8
M1066	0.09179374	-1.367664 	26
M1091	0.04047832	-2.18153 	6
M0701	0.3141832	-0.4867545 	56
M0773	0.2136156	-0.8030238 	37
M1277	0.1017003	-1.385161 	9
M1421	0.08801947	-1.484247 	9
M1569	0.1180513	-1.194758 	73
M0100	0.000721799	-5.55187 	7
M0450	0.0004383909	-3.708739 	30
M1041	0.07471013	-1.462427 	55
M0616	1	1	55
M0202	0.0005295421	-3.768461 	23
M0900	0.001334945	-3.066773 	122
M0093	0.2598676	-0.6468852 	74
M0797	0.000821998	-4.65032 	9
M0322	3.558715e-11	-10.53266 	27
M1481	0.3157415	-0.4884343 	18
M0939	0.6421075	0.3721392 	14
M1000	0.0001301292	-3.874447 	63
M0527	0.8054724	0.9182013 	8
M0092	0.155234	-1.018475 	123
M1333	0.3181921	-0.4875441 	11
M0032	0.354471	-0.3749975 	63
M0519	0.4412284	-0.1486447 	49
M1491	0.6327511	0.341306 	45
M0555	0.7723168	0.7844645 	9
M1578	1.299925e-07	-6.734251 	29
M0062	0.08387063	-1.388746 	110
M1473	0.05934646	-1.587005 	52
M0114	0.8604812	1.111213 	22
M0409	2.674055e-07	-14.37821 	9
M1605	0.1670513	-0.9857236 	25
M0834	0.0002765584	-5.214669 	10
M0591	0.05416332	-1.782622 	10
M1466	0.0005432466	-4.532918 	11
M1398	0.5291491	0.07328307 	122
M0185	0.6938904	0.5082495 	120
M0878	0.09851104	-1.425573 	8
M1633	0.008956323	-2.680938 	15
M0553	0.6728168	0.4614264 	11
M0310	0.316173	-0.4820327 	42
M0685	0.155413	-1.030333 	32
M0239	0.9990053	3.64823 	18
M0961	0.1594659	-1.192079 	4
M1362	0.9725892	2.205776 	10
M1458	0.08441528	-1.38525 	109
M0629	0.7258575	0.6085923 	26
M0141	0.03999463	-1.757592 	262
M0282	8.956217e-05	-4.365909 	27
M0642	0.1113283	-1.225015 	139
M0176	0.0006016936	-3.981662 	16
M0641	0.001626358	-3.970391 	10
M0036	0.0175105	-2.146535 	77
M1363	3.270408e-10	-6.650116 	137
M1286	0.2951672	-0.75 	2
M1336	0.9542647	1.730374 	40
M0898	0.7871886	0.8070024 	33
M0436	0.004202161	-2.980059 	18
M0655	7.012587e-06	-6.011257 	18
M1237	0.5054843	0.01403679 	13
M1031	0.6661389	0.4315546 	57
M0622	0.4840364	-0.04033035 	34
M1020	0.1141399	-1.213658 	85
M0302	1.456126e-08	-15.28782 	11
M0022	0.2493035	-0.6832291 	39
M0366	0.1890343	-0.9125962 	14
M0455	2.539142e-16	-12.74151 	43
M0049	0.005454014	-3.195602 	10
M0204	0.3803993	-0.3055145 	78
M0286	0.6615203	0.420129 	36
M1390	0.3953431	-0.2672966 	39
M1660	3.136254e-05	-4.104134 	172
M0804	0.1560654	-1.064499 	11
M0090	0.02557523	-2.214716 	11
M0665	0.9176049	1.441962 	21
M0769	0.2085085	-0.8147941 	107
M1228	0.62328	0.3199223 	16
M1092	0.02858825	-2.007136 	23
M1049	1	1	23
M1403	0.3283632	-0.4595669 	10
M1662	0.4686559	-0.07886922 	91
M1405	0.1320984	-1.132036 	42
M0612	0.5977742	0.2550039 	10
M0993	0.7720777	0.7604726 	21
M0393	0.4609512	-0.09950372 	18
M1096	0.3735052	-0.3234414 	105
M1175	0.5601589	0.1552903 	11
M0456	0.05529812	-1.936283 	6
M0974	0.04249144	-1.771265 	37
M1186	0.4270078	-0.1920799 	7
M1028	0.1197328	-1.182195 	121
M1195	0.2542996	-0.6665834 	44
M0390	0.2206647	-0.7895598 	17
M0669	0.6993562	0.5513799 	7
M0941	0.6012898	0.2593334 	27
M0660	0.0008249583	-4.428843 	10
M0476	0.02204412	-2.039534 	99
M1545	0.2198104	-0.8048532 	11
M0405	0.2047371	-0.8424934 	21
M0265	0.003032818	-2.871353 	49
M0147	0.596294	0.2519763 	9
M0078	0.001289012	-4.568729 	8
M0184	0.2692928	-0.6196925 	46
M0498	0.02246118	-2.146896 	20
M0325	0.4942858	-0.0145819 	15
M0600	0.2263456	-0.7651585 	22
M0808	0.611701	0.2866112 	28
M0006	0.86652	1.206092 	8
M1245	0.1419491	-1.19998 	6
M0814	0.0005299207	-6.782274 	6
M0024	0.01031861	-3.118007 	7
M0012	0.08085078	-1.412109 	83
M0599	0.6311949	0.3444935 	11
M0326	0.1979784	-0.9041672 	8
M1435	0.4037772	-0.2508618 	10
M1627	0.8526058	1.112417 	10
M0615	0.03274464	-1.890157 	44
M0434	0.02030809	-2.389116 	10
M0192	0.0002407674	-5.649801 	9
M0041	0.3878009	-0.2962957 	8
M1215	0.1325585	-1.126762 	52
M1190	0.7330806	0.6267761 	48
M0813	0.1209822	-1.189667 	37
M1009	0.0003491439	-3.629739 	48
M1525	0.009303874	-2.52453 	25
M0471	2.394996e-07	-5.874709 	46
M1617	0.92987	1.521278 	27
M1452	0.4364479	-0.1651856 	9
M0760	0.01573355	-2.603074 	9
M0103	6.362833e-07	-6.257146 	27
M1194	0.923381	1.440084 	93
M0164	0.6196807	0.316794 	8
M0522	0.05617789	-1.635686 	31
M1262	0.9093134	1.358552 	44
M1689	0.3020654	-0.542771 	8
M0671	0.003598367	-2.748932 	93
M0690	0.8037752	0.8609148 	66
M1332	0.06130088	-1.559106 	88
M0962	0.8293463	1.004656 	10
M0080	0.7241483	0.6024796 	29
M0868	0.0008952649	-4.584879 	9
M1298	0.4614397	-0.09886302 	13
M1599	0.03967955	-1.802772 	39
M0618	0.2498273	-0.6845991 	27
M0484	0.9454709	1.634848 	46
M0695	0.9136651	1.427473 	17
M0984	0.3621121	-0.3654849 	9
M0790	0.8346807	0.9983856 	20
M1002	0.4057542	-0.2401455 	39
M1507	0.8232374	0.9461023 	25
M0018	0.7219935	0.5907418 	102
M0906	0.9184306	1.457738 	18
M0384	0.3150038	-0.4986169 	10
M1664	0.9160747	1.5 	10
M1562	0.3685623	-0.3475784 	9
M0862	0.8746016	1.167762 	36
M0908	0.4129898	-0.2232787 	18
M0082	0.0007696972	-3.473258 	32
M0603	0.006567751	-2.605582 	38
M0917	0.9923446	3.18839 	8
M0190	0.09835455	-1.4267 	8
M0699	0.6116548	0.2877008 	20
M0075	0.9212352	1.474851 	19
M1603	0.9261978	1.496327 	25
M1122	0.9918449	2.88269 	11
M1472	0.2818827	-0.6058013 	8
M0356	0.5898418	0.2358294 	8
M0691	0.0754629	-1.458166 	52
M1479	0.3425774	-0.4080737 	46
M0122	0.7714742	0.7947194 	7
M0294	0.6239754	0.3188508 	31
M0705	0.1677728	-0.9682457 	90
M1431	0.0637458	-1.918499 	5
M0780	1.072263e-05	-4.482386 	92
M1029	0.0002422609	-5.314447 	10
M1601	0.08993895	-1.489853 	8
M1680	0.04074281	-1.992274 	9
M1095	0.8052172	0.903972 	10
M1114	0.1126363	-1.329818 	8
M0048	0.3500975	-0.3881446 	37
M0693	0.9778718	2.447697 	8
M0748	0.4275419	-0.1843921 	28
M0357	1	1	28
M1235	0.9199257	1.426666 	49
M0580	0.7101684	0.580678 	8
M0057	0.203865	-0.838934 	33
M1236	0.7564247	0.7245247 	10
M0338	0.6291461	0.3302412 	142
M0544	7.505399e-05	-7.394622 	8
M1557	0.79431	0.8613988 	10
M1218	0.6652372	0.4453326 	8
M1032	0.09784702	-1.411822 	9
M0004	0.0363998	-2.031145 	10
M1101	0.9270178	1.466913 	89
M1402	0.02116798	-2.095588 	42
M0466	9.337122e-05	-4.176602 	36
M0363	0.493089	-0.01736285 	113
M0712	0.008912388	-2.529476 	27
M1537	0.1934057	-0.8743011 	44
M0502	0.1025807	-1.420927 	7
M0469	0.00466444	-2.728415 	42
M0263	0.6560029	0.4186841 	8
M0620	0.1146074	-1.229233 	29
M1178	0.8200234	0.9221794 	64
M0924	0.3331429	-0.4532689 	7
M0201	0.0326743	-1.881879 	54
M0955	0.0261833	-2.008396 	36
M1159	0.5448076	0.1130373 	60
M0165	0.775777	0.8028722 	8
M1153	0.0007917412	-4.679218 	9
M0943	0.0814757	-1.50613 	11
M0870	0.2819802	-0.5841624 	28
M1204	0.4145317	-0.2180065 	28
M0178	0.7051816	0.5424302 	58
M0289	0.4326344	-0.1708878 	37
M0225	0.08081216	-1.435024 	31
M0849	0.5783075	0.198616 	50
M0815	0.602048	0.2664402 	10
M0861	0.9991457	3.760727 	17
M1295	0.07650943	-1.446697 	63
M1065	1	1	63
M0181	0.01242885	-2.563135 	13
M0130	0.4757563	-0.06391748 	6
M0216	0.0004350599	-5.153926 	9
M1609	0.2229703	-0.7767974 	22
M1169	0.6924235	0.5188491 	11
M0235	0.04623124	-1.702191 	84
M1538	0.421426	-0.2007157 	22
M1522	4.133848e-05	-6.760322 	10
M1571	0.7310716	0.6254129 	24
M1242	7.418242e-06	-6.975899 	13
M0187	0.9321547	1.546265 	24
M0506	0.006943012	-3.258871 	8
M0214	0.2651296	-0.6415348 	17
M0047	5.067667e-06	-9.764879 	9
M0661	0.1256279	-1.296992 	6
M0796	0.234886	-0.7546012 	10
M1100	0.01322072	-4.088722 	4
M1073	0.7484182	0.6832271 	19
M0124	0.008970584	-3.228639 	7
M1382	0.008562467	-2.731736 	14
M1467	0.5668394	0.1756843 	7
M0561	0.4909089	-0.02361619 	8
M0965	0.002881366	-5.381533 	5
M1493	0.04824609	-1.882779 	9
M1381	0.90137	1.341957 	18
M0083	0.0005803314	-3.94416 	17
M0413	0.2538972	-0.6676064 	46
M0901	0.706903	0.5481342 	48
M1272	0.03900235	-1.891661 	16
M1076	0.01733702	-2.485554 	10
M0568	0.775635	0.8023479 	8
M1179	0.308749	-0.5046409 	31
M0949	0.9111482	1.477843 	9
M1482	0.1514517	-1.375 	3
M0664	2.122838e-05	-4.320535 	85
M1170	0.8943034	1.335247 	11
M1326	0.1961492	-0.8664844 	35
M0758	4.763196e-06	-8.195326 	11
M1232	0.007212885	-3.403941 	7
M0826	0.1325504	-1.15767 	16
M0189	0.5774832	0.2040848 	7
M1451	0.4396177	-0.1555111 	12
M0242	3.70883e-06	-6.205578 	19
M0910	2.382844e-05	-4.215251 	125
M0831	0.00255436	-2.999878 	34
M1043	0.1174641	-1.263914 	11
M1248	0.9646069	1.927577 	18
M0818	3.326738e-07	-12.20735 	10
M1342	0.3529861	-0.3827094 	21
M1409	0.8266305	0.9648537 	20
M0299	0.9582809	2.017494 	8
M0631	0.08528504	-1.379652 	108
M1261	NaN	1	6
M0944	0.0204512	-2.185692 	21
M0668	0.4498293	-0.129697 	10
M1417	0.3698436	-0.3457522 	8
M0891	0.001499523	-3.89215 	11
M1054	0.1336296	-1.125922 	39
M0619	0.04102771	-1.766214 	66
M1125	0.5320943	0.08131859 	27
M0191	0.04258702	-1.747261 	68
M0059	0.000784998	-4.463197 	10
M0364	0.0647155	-1.57835 	22
M0183	2.276253e-05	-6.832966 	11
M1370	0.6468903	0.3802186 	34
M1297	7.112346e-08	-8.088606 	20
M1312	0.006495441	-3.307232 	8
M0775	0.7038275	0.5551121 	10
M1355	0.05168895	-1.837899 	9
M0724	1.33472e-07	-6.876677 	27
M0099	4.248955e-05	-7.28664 	9
M1264	0.853025	1.055658 	91
M1632	0.01674172	-2.745664 	7
M1315	0.97921	2.260667 	14
M1517	0.5147184	0.03794065 	10
M0996	0.04179876	-1.753845 	75
M0452	0.4202946	-0.2059536 	12
M1380	0.0008629197	-3.71367 	18
M1533	0.4732553	-0.06898425 	10
M0764	1.233336e-05	-4.482326 	80
M0209	0.01545743	-2.341442 	19
M0451	0.07429537	-1.657026 	7
M1672	0.4050841	-0.2414834 	51
M0233	0.01060414	-2.785528 	10
M1642	0.4577401	-0.107414 	22
M0518	0.06576892	-1.601701 	15
M1200	0.4653552	-0.09012772 	8
M0571	2.767936e-06	-9.487218 	10
M0091	2.331951e-08	-5.828747 	123
M0930	1.212939e-08	-6.56694 	53
M1663	0.5082723	0.02148888 	8
M0574	0.9166626	1.412358 	36
M0051	0.03911105	-1.79394 	57
M0670	0.6573403	0.4087046 	35
M1050	0.1179845	-1.205252 	37
M1121	0.7438443	0.6597727 	53
M1469	0.9915122	2.464993 	54
M0729	0.8806671	1.262016 	10
M1280	0.8365969	0.9866147 	81
M0163	0.1029918	-1.363074 	10
M0534	0.8217092	0.9868703 	8
M1119	0.3781425	-0.3157348 	17
M1551	0.5862269	0.2231003 	12
M1067	0.000835909	-4.130106 	12
M1205	0.0004506879	-6.07782 	7
M0569	0.8261902	1.006662 	8
M0915	3.094536e-07	-11.07488 	11
M0952	0.8402114	1.015539 	26
M1283	0.7149158	0.6073067 	6
M0788	0.1016969	-1.427326 	7
M1497	0.07954594	-1.575728 	8
M1659	0.5397836	0.1020109 	13
M0953	0.01004351	-2.397022 	54
M0722	0.09201977	-1.500961 	7
M0598	0.8461396	1.024601 	115
M0270	0.574996	0.1901997 	46
M0148	0.9999615	6.822766 	10
M0605	0.2238213	-0.7812913 	15
M1239	0.1435956	-1.07945 	39
M0922	0.5	0 	9
M0420	0.2473063	-0.6888583 	44
M0536	0.08919537	-1.367081 	46
M1387	0.7366892	0.6429399 	24
M0737	0.09688914	-1.559984 	5
M1453	0.91997	1.462092 	20
M1012	0.7274836	0.609142 	54
M0657	0.8998526	1.382034 	10
M1440	1.002719e-08	-7.065549 	39
M0081	0.7569688	0.7233123 	11
M1673	0.1605336	-1.057734 	9
M0139	0.6665161	0.452267 	7
M0766	0.8836652	1.222005 	27
M0321	0.6133284	0.2979356 	9
M0688	0.8739038	1.183018 	19
M0067	0.0009138551	-4.569198 	9
M0399	0.4807378	-0.04966316 	10
M1509	3.035469e-08	-8.152931 	22
M0220	0.2349257	-0.771215 	7
M0601	0.7417235	0.6559378 	33
M0162	0.8653359	1.241961 	6
M0063	0.07788673	-1.453678 	33
M1149	0.01725238	-2.253837 	23
M0744	0.4719747	-0.07094048 	29
M0846	0.5215849	0.05493569 	18
M0687	0.09492593	-1.333686 	41
M1191	0.8431174	1.029902 	24
M1643	0.09165252	-1.3784 	21
M0244	1	1	21
M0465	6.627946e-10	-8.608947 	31
M1087	8.790043e-05	-8.213073 	7
M0634	0.6058959	0.2791349 	8
M0559	0.8307591	1.03986 	7
M1068	4.11477e-05	-4.529629 	32
M0359	6.308188e-11	-10.05515 	28
M0379	0.7439483	0.6859943 	9
M0404	0.7847919	0.83666 	8
M0234	0.002197129	-3.773274 	10
M0633	0.7645271	0.7620068 	8
M0015	0.001177961	-5.040395 	7
M1187	0.8030065	0.8603073 	48
M0376	0.4452305	-0.1448849 	6
M0925	0.8054379	0.8671988 	64
M0683	0.003709838	-3.723723 	8
M0676	0.04747124	-1.700267 	54
M1334	0.09027344	-1.487242 	8
M1611	0.01483326	-2.402724 	16
M1045	0.04691811	-2.064985 	6
M0667	0.1762523	-0.9642733 	14
M1501	0.001821644	-4.612658 	7
M1040	0.4263067	-0.1911992 	10
M0678	0.3034741	-0.5384615 	8
M0112	0.01714384	-2.727762 	7
M1134	0.5122271	0.03120595 	15
M0535	0.8740467	1.165555 	35
M1513	0.5406656	0.1038442 	16
M1648	0.3251711	-0.4708166 	9
M1284	9.420399e-07	-6.10395 	27
M1011	0.09928521	-1.300008 	61
M0421	0.9696285	2.232537 	8
M0316	0.9656689	1.972297 	15
M0266	0.01658366	-2.645298 	8
M0888	0.9976712	3.120059 	25
M0045	0.8938363	1.342451 	10
M1135	0.002741278	-3.208187 	17
M1331	0.02222828	-2.29732 	11
M1563	0.0291477	-2.137344 	11
M1367	0.9927921	3.111357 	9
M0416	0.4268732	-0.1875454 	16
M1102	0.000458755	-3.56727 	43
M1508	0.9941735	3.154491 	10
M1157	0.9458847	1.690215 	19
M0592	0.1111104	-1.235154 	54
M1328	0.1551173	-1.10814 	7
M0255	0.7740833	0.768162 	20
M1353	0.3561179	-0.3744229 	20
M1392	0.9701765	1.97302 	26
M0508	0.2556791	-0.6979129 	7
M0887	0.1049471	-1.279576 	33
M0637	0.1534212	-1.10215 	8
M0738	0.4317123	-0.1744943 	19
M1683	0.3422642	-0.4236593 	8
M0372	0.001057119	-3.319617 	36
M0512	0.7320914	0.6244108 	42
M1581	0.02030922	-2.126158 	36
M0149	0.7176316	0.6042545 	8
M1552	0.8284672	1.00778 	9
M0707	0.831732	0.9889911 	18
M0447	0.01162513	-3.024891 	7
M0480	0.5172439	0.04445542 	10
M1413	0.5772685	0.2013332 	9
M0733	0.8605897	1.101099 	34
M0026	0.727951	0.6334854 	9
M1161	0.6948626	0.5303431 	9
M1185	0.8201331	0.9413041 	18
M1258	0.5509602	0.128995 	37
M0031	0.02258177	-2.324343 	10
M0474	0.02245747	-2.437629 	8
M1254	0.8734429	1.212702 	11
M0997	0.2927639	-0.5538551 	22
M0217	0.0009688106	-7.233876 	5
M0851	0.8982343	1.3339 	15
M0587	0.5086471	0.02259538 	7
M0718	0.6298184	0.3342613 	33
M0481	0.7996658	0.8476574 	51
M1168	0.7472649	0.6769883 	23
M1048	0.3915313	-0.284757 	9
M1184	0.768982	0.7682213 	10
M0414	0.03971931	-1.813552 	32
M0131	0.003095022	-3.683256 	9
M1234	0.2428801	-0.7307841 	9
M0268	0.6375219	0.3570949 	20
M0347	0.0006876054	-4.788732 	9
M1598	0.201287	-0.9004503 	7
M0956	0.8622442	1.182769 	8
M1561	0.3475327	-0.4114076 	7
M0576	1.260473e-06	-7.587818 	15
M1681	7.187331e-05	-5.164033 	15
M0966	0.0486727	-1.743839 	20
M0682	0.5381588	0.09851522 	10
M1118	0.5	0 	16
M0386	0.07887733	-1.438954 	42
M1276	0.4766179	-0.05926 	25
M0577	0.575393	0.1927321 	20
M0464	0.9090264	1.461755 	9
M1145	0.001376566	-3.466655 	19
M0909	0.003563787	-2.795241 	56
M0167	0.04335212	-1.783181 	26
M1244	2.845871e-07	-7.534692 	19
M1424	0.002839151	-3.743318 	9
M0725	0.1928641	-0.9070258 	11
M0714	0.9940057	3.136856 	10
M1299	0.3697969	-0.3401907 	13
M0611	0.0001397389	-5.060724 	13
M1357	0.5910189	0.2316872 	41
M0886	0.002187455	-4.135287 	8
M1638	0.1400471	-1.170519 	8
M0107	0.9659217	1.989101 	14
M0838	0.0002272648	-5.362983 	10
M1296	2.638105e-06	-6.252385 	20
M0410	0.0214287	-2.288941 	12
M1241	0.1507806	-1.104315 	9
M0912	0.04694059	-1.872782 	10
M1026	0.001134174	-4.677167 	8
M1401	3.525491e-05	-4.753887 	26
M0160	0.5129145	0.03283054 	19
M0096	NaN	1	9
M0755	0.5658505	0.167405 	28
M1214	0.0001368349	-4.451591 	20
M0152	0.8789932	1.453631 	4
M1378	0.02293072	-2.361351 	9
M1044	0.3751881	-0.32256 	21
M1079	0.9528602	1.985674 	7
M1231	0.005349056	-3.449531 	8
M0343	0.478438	-0.05559896 	10
M0203	0.0416804	-2.29539 	5
M1317	2.257551e-05	-8.92167 	8
M0741	0.5382875	0.1010668 	6
M0812	0.9603319	2.051657 	8
M0120	0.8901313	1.402371 	6
M1361	0.3112968	-0.4999108 	21
M1400	0.6451639	0.375027 	40
M0098	2.55594e-06	-5.71794 	27
M0472	0.9774989	2.65781 	6
M1227	0.002917517	-3.908453 	8
M0007	0.1973468	-0.8719958 	19
M0876	0.6617104	0.4351145 	8
M1485	0.7578867	0.7218317 	13
M1579	0.0001931001	-4.546073 	16
M1423	8.999755e-05	-4.150925 	39
M0980	0.1254819	-1.16792 	35
M0111	0.7802788	0.8395561 	6
M1419	0.01195961	-3.544371 	5
M1460	0.7399587	0.6771026 	8
M1252	0.6609766	0.4198466 	27
M1483	0.6760332	0.4743416 	9
M0261	0.2028183	-0.8724506 	10
M0501	0.05758462	-1.798308 	8
M0085	0.1692002	-0.9714315 	34
M0304	0.2685056	-0.6318272 	16
M1470	0.05289407	-1.68072 	25
M0182	0.03969611	-1.891757 	15
M0408	0.8246917	1	8
M0158	0.4871806	-0.03304344 	10
M0105	0.3799106	-0.3163668 	9
M0211	0.9932494	3.063217 	10
M0336	0.001745352	-4.08894 	9
M0058	0.9516322	1.780273 	15
M0767	0.9236345	1.496993 	18
M0784	5.014072e-06	-4.661212 	98
M1389	0.2344895	-0.7407077 	18
M0029	0.1503622	-1.132291 	7
M1270	0.4274335	-0.1882367 	10
M0253	0.4747126	-0.06361834 	85
M0257	0.7871455	0.8667509 	6
M0560	0.1834648	-0.9915867 	6
M1358	0.5734346	0.1864237 	38
M0462	0.3374704	-0.421094 	73
M1112	0.8717781	1.211797 	10
M0628	0.8089224	0.8971757 	18
M1490	0.008020247	-3.040934 	9
M1337	0.0958438	-1.411616 	10
M1461	0.001601286	-4.388154 	8
M0894	0.2942448	-0.5572899 	12
M1210	0.09982562	-1.31146 	31
M0897	0.5477985	0.123529 	10
M1081	0.03186791	-1.874207 	104
M0772	0.007146864	-2.591038 	33
M0008	0.010231	-2.541453 	19
M0052	0.001119303	-4.073211 	11
M0445	0.6513052	0.4031613 	9
M1138	0.9196988	1.441259 	29
M1225	0.2364224	-0.7459906 	11
M0794	0.1452962	-1.115824 	11
M0811	0.517824	0.04544516 	16
M0272	0.3525447	-0.3816587 	35
M1354	0.8690349	1.196874 	10
M1062	0.8506502	1.074124 	17
M0108	0.7202667	0.5960714 	17
M0072	0.8762534	1.203341 	16
M1097	0.5302342	0.07633687 	41
M0156	NaN	1	9
M1658	0.314345	-0.487742 	37
M0532	0.6046045	0.2756307 	8
M1531	0.0536582	-1.846503 	8
M1285	0.04177504	-2.156553 	6
M0279	0.00620768	-2.761717 	20
M0753	6.045572e-08	-6.614244 	36
M0977	0.738499	0.6410741 	97
M0929	0.005740435	-2.832917 	18
M0155	0.5208388	0.05415808 	8
M0110	0.1320751	-1.257375 	6
M1061	0.9508464	1.733998 	21
M0623	2.449614e-09	-18.37757 	11
M0581	0.8669787	1.185854 	10
M1288	0.02751048	-2.044421 	20
M0415	0.8858152	1.239089 	23
M0991	0.0001855877	-5.877197 	9
M1140	0.1427488	-1.094679 	23
M1684	0.1705706	-0.969679 	27
M1088	0.6790192	0.479406 	11
M0069	0.01660578	-2.361738 	15
M1189	0.00993294	-2.825559 	10
M0627	0.757063	0.7065913 	28
M1116	0.9883754	2.509 	17
M1015	0.01824678	-2.45438 	10
M0617	1	1	10
M0875	0.001347464	-4.531486 	8
M1588	0.4269264	-0.1870279 	18
M0219	0.140055	-1.1584 	9
M0899	7.785471e-08	-7.850842 	21
M1536	0.5743157	0.1935282 	9
M1496	2.901005e-08	-6.767186 	38
M1056	0.994565	3.637296 	7
M0645	0.01750629	-2.403539 	12
M1155	0.007851899	-2.723399 	16
M0210	0.3474865	-0.3975513 	22
M1614	0.03327261	-2.338003 	6
M1310	0.04860296	-1.798953 	13
M0259	0.9970897	3.346232 	13
M0666	0.005471295	-3.631723 	7
M0478	0.6326719	0.3584328 	6
M1375	0.03194758	-2.148794 	9
M0503	0.2437058	-0.7240784 	10
M0728	0.1175369	-1.299056 	8
M0349	0.8772278	1.625595 	3
M1146	1.212125e-05	-6.001916 	16
M1293	0.9351792	1.651523 	11
M0346	1	1	11
M0938	0.2753213	-0.6320829 	7
M0749	0.002928085	-5.357487 	5
M0179	0.9198828	1.477481 	16
M0782	2.95705e-05	-4.453998 	44
M0037	0.3109416	-0.5157966 	8
M0654	0.02707644	-2.310425 	8
M1196	0.7752043	0.7904489 	10
M0170	1.955038e-06	-5.944092 	25
M0392	0.0004338732	-7.08398 	6
M1676	0.871996	1.145973 	66
M0034	0.07017869	-1.835326 	5
M0686	0.210766	-0.8471462 	9
M0877	0.0008658438	-3.712112 	18
M0129	0.9039958	1.410493 	10
M1126	0.3024657	-0.5301708 	14
M1148	0.0594026	-1.777055 	8
M1339	0.07709769	-1.597458 	8
M0649	2.763942e-08	-6.827842 	37
M0507	6.494855e-06	-8.547876 	10
M1567	0.02323353	-2.352946 	9
M0537	0.8630712	1.267137 	5
M0389	0.6142477	0.297054 	13
M0468	0.7926873	0.8232288 	47
M0880	0.04658181	-1.90558 	9
M0735	0.1273242	-1.240802 	8
M0774	1.403735e-05	-4.90649 	32
M1488	0.1653464	-1.035561 	9
M0267	0.2784525	-0.6100676 	10
M0258	0.646553	0.3917523 	8
M0101	0.01576846	-2.680051 	8
M0458	0.0005872342	-4.666449 	10
M1687	0.7587573	0.7364597 	9
M1583	0.01252596	-2.839796 	8
M1199	0.07527129	-1.571382 	10
M0473	0.4652208	-0.09007547 	9
M1008	8.843227e-05	-6.558649 	9
M0504	0.01558673	-2.24014 	38
M1156	0.0001703867	-4.145412 	26
M1450	0.007086085	-2.65426 	24
M1686	0.04879677	-2.380276 	4
M0329	0.4770133	-0.05856133 	17
M1113	0.204787	-0.8701364 	9
M0563	0.007132128	-3.413095 	7
M1591	0.2039375	-0.8499815 	17
M0397	0.1634397	-1.054045 	8
M0088	0.9950232	3.17201 	11
M1615	8.672328e-08	-6.028717 	53
M1657	0.0009532948	-3.756205 	16
M0954	0.8995119	1.632993 	4
M0317	0.008349229	-3.285929 	7
M0486	0.2040499	-0.8799077 	8
M0077	0.766459	0.768928 	8
M1640	0.1976439	-0.8624394 	31
M1077	0.01584995	-2.787068 	7
M0768	0.9850168	2.415483 	15
M0318	0.9951854	2.99591 	15
M1666	0.006526779	-3.17714 	9
M0043	7.216104e-07	-7.669011 	16
M0371	0.510622	0.02698142 	20
M1415	0.095336	-1.448771 	8
M1478	0.2505816	-0.6829746 	25
M0848	0.1753083	-1 	8
M0313	0.7064427	0.5524001 	20
M1311	0.5214183	0.05566611 	8
M1171	0.0912332	-1.376663 	23
M1127	0.007800229	-3.174926 	8
M1320	0.5824323	0.2108532 	21
M1500	0.7191611	0.5944772 	15
M1556	0.1217458	-1.321757 	6
M0341	0.8289181	1.031307 	7
M0761	0.1275681	-1.215392 	10
M1443	4.867038e-05	-5.711568 	13
M1309	0.002362703	-4.073984 	8
M0523	0.5044754	0.01162488 	8
M0751	0.09537401	-1.474657 	7
M0663	0.36302	-0.3570333 	16
M0350	0.01192159	-2.585766 	13
M0071	0.06375682	-1.918349 	5
M1621	0.1751744	-0.9524795 	25
M1047	0.009236348	-3.054236 	8
M0726	0.0001274658	-5.814108 	10
M1035	0.5	0 	9
M0805	0.03982502	-2.006981 	9
M1618	0.2300251	-0.7891718 	7
M1058	0.6005308	0.2563815 	42
M1105	0.9824337	2.866634 	6
M0337	0.4571563	-0.1106622 	10
M0400	0.003129757	-3.545538 	10
M1335	0.1507806	-1.104315 	9
M1631	0.9973821	3.230083 	17
M0431	NaN	1	9
M0287	0.2259312	-0.8043814 	7
M0647	0.765212	0.7549445 	10
M0771	0.5273633	0.07156563 	7
M1639	3.048473e-11	-15.22726 	17
M1671	0.653421	0.4034733 	14
M1269	NaN	1	6
M0500	0.01497451	-2.63491 	9
M0565	0.3560372	-0.3787605 	12
M0442	6.983713e-05	-4.748798 	20
M0931	0.7064406	0.5656854 	9
M0477	0.8416455	1.078156 	8
M0402	0.02894874	-2.172286 	10
M0509	3.352042e-05	-5.334907 	17
M0757	2.479124e-11	-11.22008 	25
M1344	0.001944753	-3.50328 	14
M1693	0.570935	0.1834254 	11
M1253	0.05088415	-2.001316 	6
M0985	0.3177515	-0.4809815 	22
M0511	0.1449215	-1.124633 	10
M1372	0.05062623	-1.825274 	10
M1321	0.1333695	-1.249634 	6
M1404	0.01631074	-2.656731 	8
M0499	0.002750863	-3.008406 	29
M0106	0.8302117	1.024766 	8
M0562	0.1200913	-1.268801 	9
M0281	0.1476732	-1.111049 	10
M0680	0.00129956	-4.561872 	8
M1374	0.04663729	-1.941893 	8
M1141	0.9706097	2.202322 	9
M0291	0.743841	0.6793753 	11
M1434	0.5054193	0.01416008 	7
M0765	0.1334754	-1.135462 	26
M0566	0.1666271	-1.052134 	7
M0595	0.0102287	-2.517419 	21
M0383	0.4226029	-0.1971984 	27
M0166	4.311963e-07	-10.68616 	11
M1263	0.0808529	-1.713873 	5
M1172	0.742945	0.6672684 	17
M0844	0.7394949	0.656218 	17
M1251	0.05455271	-1.778086 	10
M0856	0.3082204	-0.504652 	43
M1266	0.1721369	-0.9640102 	26
M0377	0.9701241	2.24369 	8
M1530	0.8317289	0.9873837 	19
M1003	0.1918523	-0.9292094 	8
M0940	2.341952e-05	-8.871383 	8
M0033	2.427076e-08	-8.266121 	22
M0044	0.5790013	0.2059195 	9
M0373	0.430029	-0.185593 	6
M0247	0.004553214	-3.786897 	7
M0951	0.2488656	-0.6961484 	15
M0947	0.05908548	-1.613929 	28
M1484	0.6538201	0.4086346 	10
M0368	0.5528987	0.13873 	7
M1471	0.7918261	0.8319328 	19
M1282	0.006505753	-3.770853 	6
M0789	0.3726709	-0.3724195 	3
M1192	0.1652825	-1 	19
M0154	0.5952306	0.2518811 	7
M1512	0.9513134	2.155553 	5
M0311	0.001504406	-3.492823 	17
M1351	0.00685679	-3.267923 	8
M1108	8.385493e-10	-7.530438 	46
M0249	0.1204654	-1.266596 	9
M0245	2.125787e-05	-7.366587 	10
M1622	0.01962087	-2.529847 	8
M1247	0.3971104	-0.270983 	8
M0715	0.248519	-0.6863122 	36
M0819	0.317696	-0.4992287 	7
M0994	0.6991154	0.5331074 	16
M1083	0.3478302	-0.3971809 	20
M0497	1	1	20
M0999	0.03065056	-2.226339 	8
M0723	0.002957541	-3.480618 	11
M0762	1	1	11
M1132	0.255284	-0.6720741 	18
M0514	0.009523498	-2.928322 	9
M0837	0.0354141	-2.082601 	9
M0674	0.02523944	-2.019961 	39
M0697	0.9940641	3.142936 	10
M0226	0.5576215	0.1512218 	7
M0198	0.9986922	4.300066 	9
M0759	0.1071684	-1.336027 	10
M0361	0.9952507	4.084417 	6
M1595	0.02289796	-2.511731 	7
M1347	0.005945564	-3.067514 	11
M1324	0.07522332	-1.697056 	6
M0342	0.7249005	0.6236858 	9
M0260	0.01484805	-2.580011 	10
M0843	0.6773304	0.4761128 	10
M1021	0.9837402	2.258679 	27
M0016	0.02532855	-2.086419 	20
M1289	0.001103864	-5.763935 	6
M1688	0.6586839	0.4509404 	4
M1064	0.08626871	-1.42794 	17
M0696	0.04467468	-2.024439 	7
M0926	0.3738982	-0.3235703 	45
M0403	0.6166129	0.3083713 	8
M0541	0.8150035	0.924237 	16
M0937	0.003342284	-4.05548 	7
M0116	0.003733317	-3.433515 	10
M1128	0.08731686	-1.489695 	9
M0449	7.866307e-05	-6.671137 	9
M1223	0.01429431	-2.329249 	25
M1682	0.3188409	-0.4790346 	19
M0785	0.422982	-0.1962979 	26
M0485	0.9657291	1.891802 	30
M1255	0.8635885	1.124736 	23
M0822	0.2680472	-0.6323443 	17
M0659	0.2337392	-0.7503907 	13
M1656	0.1157284	-1.227723 	25
M1651	0.9847332	2.480739 	12
M0858	0.1163996	-1.262726 	12
M0614	0.4084718	-0.2418591 	7
M1449	1	1	7
M0904	0.7268032	0.6207186 	13
M1456	0.2913494	-0.567792 	11
M1268	0.0834448	-1.490712 	11
M0582	0.1272134	-1.185068 	16
M0892	0.0138427	-2.685584 	9
M1211	0.02682328	-2.512764 	6
M0385	0.01689992	-2.632292 	8
M0428	0.1892702	-0.9399442 	8
M0975	0.9994883	5.022788 	9
M1111	0.8137449	0.9384565 	10
M0002	0.5870392	0.2238141 	16
M1462	0.04097479	-2.029696 	8
M0604	0.2870372	-0.5832083 	10
M1030	0.0005821852	-4.672561 	10
M1607	0.630112	0.3360198 	25
M1053	0.04969349	-1.836983 	10
M0254	0.02119943	-2.411651 	9
M1606	0.2000026	-0.8533607 	32
M0881	0.8033704	0.9022874 	9
M1505	0.3391549	-0.4285714 	10
M0039	0.358067	-0.3812767 	7
M1391	0.8742208	1.21022 	12
M0839	0.8295534	1	11
M0307	0.0008238977	-4.265833 	11
M0003	0.3943212	-0.2741356 	13
M0872	2.217031e-06	-15.57543 	7
M1602	0.0127782	-3.471169 	5
M1013	0.02560853	-2.429215 	7
M1060	0.04178008	-2.016504 	8
M1271	0.02653859	-2.225594 	10
M0745	0.8774402	1.24344 	10
M0426	0.05062326	-1.727227 	19
M0432	0.03776117	-2.145998 	7
M1260	0.9035017	1.466033 	7
M0433	0.4259417	-0.1965979 	6
M1397	0.0004085559	-4.058365 	18
M0864	0.6612647	0.4315385 	9
M1281	2.806991e-06	-8.698762 	11
M1098	0.982069	2.591582 	8
M0159	0.001903339	-4.026476 	9
M0227	0.8927928	1.348543 	9
M0540	0.1687098	-0.9743613 	32
M0066	0.9684471	2.156775 	9
M1319	0.008525763	-3.000775 	9
M1408	0.00673995	-2.89383 	13
M0914	0.02042283	-2.596648 	7
M1553	0.05181618	-1.73281 	16
M1516	0.2002673	-0.8715894 	13
M1521	0.9967041	3.639695 	9
M0653	0.4459178	-0.1403725 	9
M0395	0.6463489	0.3822548 	17
M0126	0.08210189	-1.433148 	26
M0136	0.1323345	-1.212447 	8
M1004	0.1154522	-1.226766 	27
M0567	0.5687378	0.1788204 	9
M0417	0.03864963	-1.968793 	11
M0893	0.1335477	-1.14335 	20
M1089	0.6600672	0.4155352 	43
M0262	0.1127691	-1.521278 	4
M0817	0.759052	0.8006067 	4
M0256	0.002363136	-3.872251 	9
M0684	0.01126508	-3.256609 	6
M0750	0.0263028	-2.074935 	19
M1647	0.03411063	-2.153884 	8
M0689	0.6319586	0.3490198 	9
M1596	0.2724897	-0.6176691 	18
M1243	0.005307941	-3.971916 	6
M1307	0.9682575	2.152928 	9
M1359	0.004640284	-4.108155 	6
M0903	0.4055279	-0.2470974 	9
M1396	0.03027004	-2.939388 	4
M0406	0.2857524	-0.5983211 	7
M0958	0.00421068	-3.471726 	9
M1635	0.0001674687	-5.968582 	9
M0902	1.018553e-05	-11.99351 	7
M0021	0.3341114	-0.433506 	27
M1393	0.8738851	1.266647 	7
M1590	3.851726e-05	-9.510956 	7
M0905	0.948202	1.698071 	23
M0332	0.02991944	-2.19088 	9
M1425	0.2529424	-0.7299244 	5
M0340	0.01655412	-2.226994 	33
M0992	0.001048248	-3.200728 	68
M0832	0.4446901	-0.1442343 	8
M1573	0.05729219	-1.844981 	7
M1142	0.05616514	-1.759615 	10
M0934	0.002327638	-5.7089 	5
M1233	7.494827e-10	-8.935597 	28
M0011	0.002649694	-3.224349 	17
M1678	0.5025305	0.006611844 	7
M1514	0.003368871	-4.048475 	7
M1017	0.1715775	-1.007582 	9
M0056	2.482746e-05	-4.662766 	34
M0017	0.002084885	-4.48507 	7
M0492	1	1	7
M0459	0.0003206188	-5.104508 	10
M1535	0.001261937	-3.998637 	11
M0578	0.8184095	1.069681 	4
M0248	6.484444e-06	-9.445966 	9
M0424	0.2713957	-0.6395974 	8
M1274	0.3698759	-0.3439469 	9
M1313	0.06347348	-1.68158 	10
M0446	0.2680014	-0.6303053 	20
M1504	0.8486444	1.14853 	6
M1018	0.8707207	1.247903 	7
M0453	0.4151983	-0.2166431 	24
M1316	0.9970165	3.396403 	12
M0319	0.1041831	-1.300054 	21
M1308	0.03401143	-2.108586 	9
M0023	0.8136443	0.9521943 	8
M0515	0.3891732	-0.2900546 	10
M1464	8.773046e-06	-6.182148 	16
M0298	0.7209058	0.593176 	27
M1692	0.1120657	-1.355257 	7
M0610	0.8512914	1.19694 	5
M0387	0.4669546	-0.08557251 	9
M1520	0.9612568	1.866478 	20
M1568	0.05377192	-1.958139 	6
M1526	0.8492194	1.104315 	9
M0529	1.082136e-06	-6.993421 	18
M0362	0.3579899	-0.3699617 	18
M0438	3.348705e-05	-6.948275 	10
M0197	0.003817558	-3.701973 	8
M1433	0.001057086	-4.458892 	9
M0978	0.2889735	-0.5772126 	10
M0585	0.003759416	-3.952179 	7
M1542	0.002779536	-7.183283 	4
M0213	0.2305476	-0.8144509 	5
M1304	6.122885e-05	-7.637016 	8
M0706	0.05266594	-1.974383 	6
M1528	0.008727666	-3.490808 	6
M1540	0.01721478	-2.619593 	8
M0053	0.0553002	-1.825947 	8
M0143	0.1290923	-1.249 	7
M1279	2.354497e-06	-12.54812 	8
M1356	0.8647406	1.183673 	9
M0638	4.19473e-05	-6.346505 	11
M0823	0.01875674	-2.660211 	7
M1577	7.581263e-05	-6.238938 	10
M1495	0.9764973	2.406641 	8
M0173	0.9348186	1.808267 	6
M0351	0.03842901	-1.997532 	10
M1318	0.005613251	-3.61033 	7
M0547	0.3866124	-0.2980966 	9
M0957	0.9674591	2.030406 	13
M0857	0.1450684	-1.123903 	10
M0429	0.9511859	1.875168 	9
M1340	0.8892608	1.34204 	8
M1690	0.790687	0.8682515 	7
M0398	0.02225362	-2.380553 	9
M1585	5.686153e-05	-4.906456 	19
M0273	0.7671383	0.771371 	8
M0743	0.1645797	-1.080745 	6
M0285	0.3572975	-0.3808702 	8
M0380	0.00303186	-3.565826 	10
M1474	0.9683194	2.116849 	10
M1023	0.9955506	3.322918 	10
M1150	0.00237752	-3.867961 	9
M0923	0.1224385	-1.28895 	7
M0435	0.0001503809	-5.401543 	11
M0573	0.6145987	0.3002546 	10
M1582	0.9012541	1.335502 	20
M0195	0.1273984	-1.216327 	10
M0104	0.821833	0.9722411 	10
M1093	0.001504	-3.581311 	15
M1620	0.6152725	0.3136604 	5
M0763	0.9454554	1.835332 	8
M0175	0.490627	-0.02449245 	7
M0829	0.04542075	-1.893399 	10
M1653	0.005592769	-3.280136 	9
M0493	0.8756769	1.258244 	8
M1103	0.928929	1.628155 	9
M1394	0.02435248	-2.322815 	9
M0606	0.07282862	-1.636931 	8
M0073	0.06391398	-1.72689 	8
M1641	0.005899072	-3.866824 	6
M0491	0.7385045	0.6722428 	8
M0375	0.01012651	-3.732485 	5
M0050	8.796499e-06	-24.09686 	5
M0702	1.51071e-05	-9.488288 	8
M0548	0.06174226	-1.647096 	14
M0306	0.00736702	-3.216043 	8
M1527	0.01172398	-2.724151 	10
M0988	1.63041e-05	-5.83878 	16
M1110	0.99894	4.1072 	11
M1167	0.06384867	-2.522919 	3
M1544	0.6582872	0.4252446 	8
M0133	0.00202174	-3.983215 	9
M0840	5.286374e-05	-7.815882 	8
M1399	0.006233564	-2.759799 	20
M0463	0.3887915	-0.2954841 	7
M0967	0.4798267	-0.05273719 	7
M1349	0.6786862	0.4847896 	8
M1395	0.0008844027	-6.05759 	6
M0070	0.1191737	-1.254045 	11
M0770	0.009626437	-3.172699 	7
M0752	0.08645719	-1.546627 	7
M0828	7.146007e-10	-11.72726 	18
M1519	1	1	18
M0241	4.469541e-06	-8.254683 	11
M1226	0.2140926	-0.822641 	12
M0816	0.7754991	0.7761161 	17
M0586	0.001223573	-4.349432 	9
M0624	0.8053299	0.8883894 	15
M1646	0.5614042	0.160275 	8
M0625	0.2592745	-0.7293949 	4
M1246	0.6686781	0.4529108 	9
M1265	0.8553342	1.134755 	9
M0731	0.008411544	-3.009628 	9
M0711	0.2239795	-0.7844967 	13
M0194	0.01894771	-2.48365 	9
M0964	0.4517764	-0.1242846 	11
M0524	0.9641001	2.0397 	10
M0746	0.3991306	-0.2642582 	9
M0658	0.2837576	-0.5911898 	11
M1259	0.0009015946	-4.875347 	8
M0448	0.5411862	0.1087535 	6
M1305	0.007303279	-3.0146 	10
M1645	0.009369932	-2.801699 	11
M0597	0.000125416	-6.230979 	9
M1352	0.9812349	2.437304 	10
M0521	0.001743955	-4.318191 	8
M0475	0.01217853	-2.607704 	12
M0860	0.04154823	-1.979629 	9
M1575	2.097613e-05	-5.701671 	16
M1104	0.01081362	-3.081293 	7
M0859	0.4626678	-0.09637388 	10
M1630	0.2787414	-0.6158443 	8
M0942	0.3975836	-0.3333333 	2
M1667	0.9600347	2.004711 	9
M0193	0.6207673	0.3182214 	9
M0786	0.528689	0.0731135 	17
M0132	0.001379393	-4.079813 	10
M1386	0.01174748	-3.01676 	7
M0871	0.1520119	-1.056421 	20
M1036	1	1	20
M0557	0.1004038	-1.43678 	7
M0207	NaN	1	8
M1201	0.4381357	-0.1582093 	17
M1059	0.08358295	-1.502698 	10
M1365	0.0003001245	-5.4618 	9
M1090	0.008065045	-4 	5
M1580	0.6970839	0.5370666 	9
M0046	0.1265712	-1.231399 	9
M1249	0.1955011	-1 	4
M1039	0.02435089	-2.278248 	10
M1572	0.5	0 	10
M1636	0.03791018	-2.667987 	4
M0280	0.9354604	1.692137 	9
M0054	0.09126211	-1.402589 	15
M0237	0.8540189	1.139549 	8
M1570	9.209576e-05	-6.077589 	10
M0200	0.5283637	0.07342231 	9
M1007	0.05392682	-1.843099 	8
M0441	0.7139156	0.586167 	10
M0196	0.6106373	0.2886751 	11
M0320	0.7200092	0.6118419 	8
M1302	0.01800371	-2.516448 	9
M0151	1	1	9
M0554	0.1582232	-1.078787 	8
M1670	0.0001397316	-5.740958 	10
M1010	0.9859689	2.760837 	8
M0850	0.4680902	-0.08299317 	8
M1559	0.2681575	-0.675641 	5
M1094	0.0006964529	-4.778747 	9
M0793	0.3324442	-0.4599084 	6
M0174	0.001093723	-4.235911 	10
M1510	0.0002886856	-4.951358 	11
M0419	0.0002308458	-6.162857 	8
M0144	0.06207877	-2.566589 	3
M1446	0.4310211	-0.1794551 	9
M1625	0.442433	-0.1501699 	8
M1327	0.1198422	-1.232233 	14
M0348	0.4622368	-0.1009155 	5
M1143	0.00173293	-4.094107 	9
M0510	0.02281691	-2.364538 	9
M0295	0.1438207	-1.139043 	9
M1439	0.06474772	-1.756642 	7
M1348	0.1044632	-1.407466 	7
M0027	0.1265647	-1.245183 	8
M0324	0.2545533	-0.691015 	9
M1071	0.04341584	-2.045078 	7
M1291	0.131478	-1.204124 	9
M1532	0.06169898	-2.576187 	3
M0276	0.6947289	0.5275893 	10
M0781	0.2148487	-0.8089918 	18
M0443	0.05670047	-1.916745 	6
M0865	0.002320762	-4.088191 	8
M1193	0.1056722	-1.584075 	4
M1655	1.232417e-06	-9.530799 	11
M0444	0.6745829	0.4809889 	6
M0824	0.3224126	-0.4789005 	9
M1427	0.8948227	1.361848 	9
M1024	0.9298623	1.589409 	12
M1303	0.009376236	-2.938505 	9
M0650	0.07185999	-1.525051 	20
M1080	0.1014546	-1.429089 	7
M0312	0.4378511	-0.1609309 	10
M1604	0.2352312	-0.7452565 	13
M0335	0.08578811	-1.423914 	19
M0736	7.48333e-06	-9.264745 	9
M1117	0.02508327	-2.303874 	9
M1294	0.002034275	-4.193452 	8
M1182	0.04662806	-1.904936 	9
M1206	1	1	9
M1383	0.1371679	-1.164042 	10
M0488	0.1723915	-0.9803994 	14
M1410	0.8958778	1.444371 	6
M1130	0.3789864	-0.3176822 	10
M0489	0.2062801	-0.8934299 	6
M0269	0.7494428	0.7156177 	7
M0437	0.6607689	0.4204024 	22
M1384	0.00348907	-3.60041 	9
M0593	0.02397239	-2.393172 	8
M1610	0.4471738	-0.1377095 	8
M0694	0.7962606	0.8471083 	20
M0913	1	1	20
M0747	0.4071695	-0.2438506 	8
M0423	0.06166555	-1.751454 	8
M1001	0.3604764	-0.3719239 	8
M1176	0.1784239	-0.9777222 	9
M1492	0.536129	0.0945615 	7
M0315	0.8072491	1.444444 	2
M0138	0.03206148	-2.195847 	8
M0621	0.03837454	-2.134329 	7
M1489	0.03758031	-2.149476 	7
M1565	0.01033065	-2.974981 	8
M1343	0.007637862	-2.868747 	12
M0827	0.1567165	-1.067755 	10
M0607	0.8939077	1.312095 	14
M0401	0.3971677	-0.2685431 	10
M1560	0.4850421	-0.03855849 	10
M0121	0.9925107	3.086067 	9
M0084	0.0007669438	-4.311323 	11
M1224	0.1867725	-0.9612554 	7
M0798	0.1977283	-0.8878846 	11
M1177	0.6953378	0.5247359 	13
M0303	0.7350825	0.7082975 	4
M0439	0.9272273	1.593352 	10
M1412	0.002724557	-4.238444 	7
M1407	0.01934519	-2.637097 	7
M0369	0.3079031	-0.5124391 	16
M0014	0.05755061	-1.905143 	6
M0776	0.008366895	-3.013122 	9
M0221	0.9935226	3.491803 	7
M0740	0.09365604	-1.415468 	11
M0863	0.593904	0.2592815 	4
M0284	0.9233816	1.577917 	9
M0208	0.01560186	-2.608484 	9
M0142	0.02796508	-2.288511 	8
M1476	0.002011259	-5.942251 	5
M1613	0.001172088	-4.189119 	10
M1025	0.1179469	-1.478153 	4
M0353	0.2183557	-0.8186121 	9
M0283	0.01295087	-3.45644 	5
M0866	0.03377139	-2.113137 	9
M1051	0.1011328	-1.467101 	6
M1584	8.615914e-05	-6.132535 	10
M1368	0.0001063447	-6.384188 	9
M1377	0.141402	-1.151428 	9
M1685	0.5703624	0.1830994 	9
M1498	3.320572e-05	-7.544725 	9
M1418	0.7478744	0.7101706 	7
M1147	0.3204135	-0.479714 	12
M1555	0.98115	2.806576 	6
M1629	NaN	1	6
M1216	0.8578713	1.12091 	13
M0150	0.0004695886	-5.091922 	9
M1674	0.1397144	-1.212647 	6
M1432	0.4448185	-0.1438968 	8
M0692	0.004893331	-3.515502 	8
M0180	0.9920606	3.326337 	7
M0879	0.001332149	-4.103109 	10
M1345	0.05436443	-1.837588 	8
M1306	0.4415648	-0.1546721 	6
M0074	0.1494898	-1.252994 	4
M0240	0.0002437525	-4.030748 	25
M0171	0.4213203	-0.2043312 	10
M0807	0.2986336	-0.5501046 	9
M0884	0.1049496	-1.380513 	8
M0334	0.04990798	-1.895831 	8
M0919	5.819757e-05	-6.967189 	9
M1587	0.1318134	-1.184438 	11
M1558	0.2217983	-0.8801207 	4
M1209	0.3519402	-0.3924186 	10
M0742	0.266215	-0.7034972 	4
M1541	0.003013834	-3.701721 	9
M1085	0.05614107	-1.815648 	8
M1222	0.4885024	-0.02927831 	17
M0177	0.06615148	-1.655032 	10
M0118	0.1526354	-1.106029 	8
M0889	0.000466839	-5.096674 	9
M1160	0.3382846	-0.435129 	8
M0009	0.4722157	-0.0719195 	9
M1162	0.9297	1.833837 	5
M1373	0.3184085	-0.4970832 	7
M0643	0.07937191	-1.72967 	5
M1564	0.1507068	-1.185556 	5
M0990	0.5266096	0.06887345 	9
M0186	0.898697	1.430194 	7
M1154	0.012118	-3.529751 	5
M0550	0.2381712	-0.7524042 	8
M1539	0.01026367	-2.805501 	10
M0986	0.005284901	-3.976281 	6
M0430	0.6326064	0.352571 	8
M0575	0.0008514575	-4.623273 	9
M0918	0.1142907	-1.714447 	3
M0933	0.07442688	-1.655742 	7
M0496	0.9759383	2.092736 	23
M0296	0.8552984	1.161895 	7
M0810	0.0672578	-1.567044 	19
M0973	0.002656037	-3.981743 	8
M0806	0.1244782	-1.276504 	7
M0720	4.443306e-06	-8.260191 	11
M0874	0.03250737	-2.254757 	7
M0734	0.8232655	0.9730673 	11
M0946	0.1753204	-0.9556863 	21
M1213	0.7006847	0.5555117 	7
M0301	0.8671417	1.227182 	7
M0345	0.2102019	-0.8442499 	10
M1133	0.3642715	-0.3580733 	10
M0945	0.8058455	0.9669876 	5
M1626	0.06090793	-1.707989 	10
M0739	0.001993697	-3.836572 	10
M1436	0.9475481	1.977568 	6
M0381	0.03555246	-2.125847 	8
M0327	0.1623416	-1.049344 	9
M0086	0.044212	-2.111763 	6
M0168	0.1198792	-1.333926 	6
M0719	0.7152159	0.5902135 	10
M0778	6.383709e-06	-10.8109 	8
M1350	0.03003175	-2.188476 	9
M1616	0.7524873	0.7745967 	4
M0921	0.005977115	-3.23571 	9
M0648	0.7521721	0.7251511 	7
M0841	0.6178601	0.313823 	7
M0635	0.02044653	-3.451466 	4
M0732	0.6616229	0.4348617 	8
M0820	3.881651e-05	-7.380482 	9
M1129	0.004331867	-10.67361 	3
M1240	0.003980046	-3.510128 	9
M0530	0.07004414	-1.637846 	9
M0609	0.001224522	-6.795648 	5
M1075	0.05833492	-1.735518 	10
M1221	9.81707e-05	-6.025215 	10
M0652	0.006190322	-3.212344 	9
M1197	0.00148719	-4.205428 	9
M1038	0.9177573	1.583109 	7
M0079	0.01908008	-2.427156 	10
M0960	0.7645644	0.7621401 	8
M1034	0.7124401	0.5992545 	6
M1273	0.03420588	-2.477261 	5
M0896	0.6942006	0.5241424 	11
M1033	0.001556466	-4.172146 	9
M0119	0.2378986	-0.7533708 	8
M1329	0.0003182362	-5.412483 	9
M0117	0.985098	2.46428 	13
M1212	0.02186288	-2.545999 	7
M0516	0.01940799	-2.468254 	9
M0328	0.7850573	0.8584107 	6
M1445	0.2815139	-0.606977 	8
M1016	3.101732e-05	-7.017554 	10
M1447	0.6936833	0.5338518 	7
M0339	0.005966078	-3.559653 	7
M0391	0.001928631	-5.072994 	6
M1675	0.8509645	1.1129 	9
M1371	2.629505e-05	-7.168609 	10
M0483	0.0001865527	-5.872609 	9
M0205	0.01506661	-2.524899 	11
M1502	0.0330442	-2.175396 	8
M1547	0.8220853	0.9885166 	8
M0127	0.01806734	-2.460404 	10
M1360	0.9728628	2.211926 	10
M1084	0.04936182	-2.367538 	4
M0487	0.02982627	-2.957733 	4
M0998	0.8901179	1.347622 	8
M0000	0.9655021	2.779913 	4
M0632	0.002478962	-4.036002 	8
M1550	0.03168375	-2.377416 	6
M0907	0.007503329	-3.08483 	9
M0835	0.000241469	-5.072669 	11
M0928	0.001614635	-8.669254 	4
M1086	0.3019113	-0.5432431 	8
M0290	0.131295	-1.375854 	4
M1379	7.500185e-06	-8.397099 	10
M0010	0.08479826	-1.493166 	10
M0656	0.7880868	0.8580178 	7
M0323	0.6901852	0.5371845 	5
M1217	7.709139e-05	-13.92621 	5
M0494	0.001020119	-4.768087 	8
M1416	0.07109215	-1.740876 	6
M1123	1	1	6
M0539	0.01822914	-2.45497 	10
M0867	0.0002451401	-6.813085 	7
M0161	0.1246446	-1.303197 	6
M0971	0.007319327	-2.945833 	11
M1486	0.1393903	-1.472424 	3
M0709	0.1241523	-1.18746 	22
M0533	0.0001783476	-5.912483 	9
M0596	0.0001120219	-6.935683 	8
M1511	0.01137529	-3.247831 	6
M1037	0.4349098	-0.1710334 	7
M0013	0.02133049	-2.407701 	9
M1069	0.8861429	1.512038 	4
M0378	0.007189865	-3.674235 	6
M0157	0.958183	1.975462 	9
M0936	0.08615415	-1.549193 	7
M0065	0.0001207385	-5.85755 	10
M0710	0.01687288	-2.739775 	7
M1338	0.02279045	-2.318724 	10
M1654	0.02104078	-2.27467 	13
M0243	0.6498743	0.3991141 	9
M0564	0.0007446585	-4.726663 	9
M0169	0.02520361	-2.768523 	5
M1465	0.003654325	-3.976952 	7
M0388	0.02488519	-3.188445 	4
M0673	0.04244107	-1.912298 	11
M0297	0.8948306	1.5887 	4
M1388	0.002596664	-3.665209 	10
M1634	0.005519206	-4.474264 	5
M0700	1	1	5
M0791	0.453822	-0.1197369 	9
M0231	0.04225456	-1.968733 	9
M1057	0.4876197	-0.03235359 	7
M1238	0.5	0 	6
M1619	0.6455704	0.3916347 	7
M1593	0.8054791	0.9182288 	8
M0644	0.7513997	0.7316798 	6
M0525	0.6563694	0.4144975 	11
M0331	0.001964182	-4.541173 	7
M0854	1	1	7
M0583	0.8914584	1.411882 	6
M1576	0.5121623	0.03145732 	9
M1438	0.653135	0.4133314 	7
M0333	0.5531728	0.1423925 	5
M1099	0.8848868	1.365816 	6
M0681	0.8678708	1.200568 	9
M1074	0.8918805	1.359224 	8
M0422	0.2619173	-0.6665145 	9
M0948	0.03897551	-2.12308 	7
M0546	0.2526023	-0.7085197 	7
M1188	0.05815608	-1.791559 	8
M0716	0.01363965	-2.695123 	9
M1503	0.2265482	-0.7885681 	9
M1600	0.07761125	-1.889556 	4
M0019	0.0003602407	-5.719783 	8
M1455	0.06190399	-1.680354 	11
M0970	0.06328171	-1.773193 	7
M1529	0.001162828	-5.053463 	7
M0981	0.4833725	-0.04435812 	5
M1052	0.2316587	-0.810111 	5
M0584	0.2084633	-0.8559455 	9
M1042	0.170313	-1.03487 	7
M1207	0.007489561	-2.999062 	10
M0224	0.6637279	0.4552515 	5
M0979	0.7589571	0.7371541 	9
M0370	0.0007282518	-4.515339 	10
M0113	0.01494935	-2.635993 	9
M1152	0.9126323	1.4893 	9
M0513	0.0009116513	-5.30373 	7
M0890	0.6609616	0.4306695 	9
M0989	0.1803344	-0.9894103 	7
M1230	0.2060276	-0.8653274 	9
M1454	0.5210171	0.05419229 	10
M0983	0.0687471	-1.713284 	7
M0314	0.8207582	0.954871 	13
M0215	0.8130495	1	5
M0001	0.9476904	2.303843 	4
M1624	0.9543366	2.21294 	5
M0367	0.8741065	1.415834 	4
M1139	0.4456661	-0.1416695 	8
M0730	0.01932005	-2.540424 	8
M0588	0.01515784	-2.993767 	6
M0358	0.1939824	-0.9677637 	5
M1548	0.9996579	5.770092 	8
M1341	0.0211885	-2.569263 	7
M0963	0.4766573	-0.06040532 	9
M1019	0.765603	0.7994844 	5
M0932	1	1	5
M1323	0.3708263	-0.3615497 	4
M1420	0.06701804	-1.875114 	5
M0721	0.8236489	1.200961 	3
M0801	0.2497879	-0.7071068 	9
M1448	0.01718254	-2.620882 	8
M1022	0.3941891	-0.2869824 	5
M1063	0.5	0 	5
M0060	0.01774067	-2.858196 	6
M1411	0.601272	0.2803126 	4
